window,ticker,mean_vol,stddev_of_vol
10,AAPL,0.016261802699243724,0.006701167005816901
10,CAT,0.017388707222520356,0.005805995944164757
10,JNJ,0.00970207524083779,0.0033595403189691456
10,JPM,0.014139595807771814,0.0054811054799024095
10,PG,0.01023280492431258,0.004175289176908866
10,XOM,0.018189660606822512,0.0057750646185095525
20,AAPL,0.016562773290762025,0.005816493229467191
20,CAT,0.01784611857758128,0.004420043131184769
20,JNJ,0.009927521528994274,0.0025702508611768794
20,JPM,0.014621209599589761,0.004638602390043463
20,PG,0.010492649184070404,0.0033078452579557
20,XOM,0.018493416643496643,0.004480864744548463
60,AAPL,0.016944394174407667,0.0048801785535475175
60,CAT,0.01824020969536948,0.0029055564871851495
60,JNJ,0.010061667006266144,0.001598292358480199
60,JPM,0.015085466843383251,0.003571645365376225
60,PG,0.010698670695514396,0.0028028361602002445
60,XOM,0.01876313853868924,0.0033381312224084266
90,AAPL,0.017131629780024513,0.0045064140093965515
90,CAT,0.018337797066245925,0.0026217419850666866
90,JNJ,0.010129579026396454,0.00137386330005712
90,JPM,0.015308215035782608,0.0031327028617329374
90,PG,0.010774396093424229,0.0027223063441704646
90,XOM,0.018809984468304466,0.0031342842799853554
