Date,AAPL,CAT,JNJ,JPM,PG,XOM
2021-01-04,125.63249206542969,164.6239471435547,134.287353515625,109.00051879882812,118.96556091308594,33.25132751464844
2021-01-05,127.1858139038086,165.97059631347656,135.86619567871094,109.59363555908203,119.72515869140625,34.853797912597656
2021-01-06,122.90451049804688,175.207275390625,137.14471435546875,114.73969268798828,120.98545837402344,35.74317932128906
2021-01-07,127.0984115600586,175.54161071777344,137.6080780029297,118.50764465332031,119.85465240478516,36.023616790771484
2021-01-08,128.19544982910156,175.56881713867188,137.32489013671875,118.63849639892578,119.80284118652344,36.424224853515625
2021-01-11,125.21504211425781,175.207275390625,136.75,120.40907287597656,118.991455078125,37.529930114746094
2021-01-12,125.04031372070312,178.5331573486328,135.6859893798828,122.30178833007812,118.30089569091797,38.36322021484375
2021-01-13,127.0693130493164,177.04188537597656,135.48008728027344,122.4151840209961,118.482177734375,38.7958869934082
2021-01-14,125.14710235595703,178.40663146972656,137.8483428955078,123.1303939819336,117.22193145751953,40.31022262573242
2021-01-15,123.42874908447266,175.8941192626953,137.5480194091797,120.9236831665039,116.34142303466797,38.37123107910156
2021-01-19,124.09864807128906,176.32115173339844,139.67604064941406,120.40036010742188,115.32288360595703,39.13240051269531
2021-01-20,128.17599487304688,174.7583770751953,139.33279418945312,118.59488677978516,113.88134002685547,39.68526077270508
2021-01-21,132.87477111816406,174.62208557128906,138.77503967285156,117.60055541992188,113.7693099975586,38.54750061035156
2021-01-22,135.01051330566406,174.3949432373047,140.33673095703125,116.69345092773438,112.89222717285156,38.00266647338867
2021-01-25,138.74815368652344,170.2154541015625,142.42184448242188,115.23685455322266,114.83746337890625,37.578006744384766
2021-01-26,138.9811248779297,170.09732055664062,146.28311157226562,114.76586151123047,115.57559204101562,36.75273132324219
2021-01-27,137.91323852539062,164.11883544921875,144.0521697998047,111.52122497558594,111.48542022705078,36.33608627319336
2021-01-28,133.08827209472656,167.48963928222656,145.1504669189453,113.48368835449219,113.20486450195312,36.904964447021484
2021-01-29,128.1080780029297,166.1267852783203,139.97634887695312,112.22772979736328,111.33780670166016,35.927452087402344
2021-02-01,130.22442626953125,167.83493041992188,139.61595153808594,113.05632781982422,111.9977798461914,35.991554260253906
2021-02-02,131.04965209960938,174.9037322998047,138.3631591796875,116.53646087646484,111.84146881103516,36.560428619384766
2021-02-03,130.03028869628906,173.94972229003906,137.71963500976562,117.87095642089844,111.98041534423828,37.99464416503906
2021-02-04,133.3795623779297,174.13145446777344,138.99815368652344,120.58351135253906,112.04986572265625,38.723777770996094
2021-02-05,132.96633911132812,175.35804748535156,141.1089324951172,120.34801483154297,112.51880645751953,40.02177429199219
2021-02-08,133.1121368408203,179.40127563476562,141.5122833251953,122.23200988769531,112.17144775390625,41.74443435668945
2021-02-09,132.23715209960938,179.246826171875,142.67068481445312,121.74353790283203,111.73725128173828,41.25554275512695
2021-02-10,131.63429260253906,179.64657592773438,143.13404846191406,121.81336212158203,111.3464584350586,41.65480422973633
2021-02-11,131.381591796875,180.21897888183594,142.49049377441406,121.4731674194336,111.44200134277344,40.61180114746094
2021-02-12,131.6149139404297,179.89198303222656,142.93667602539062,123.20018005371094,110.82544708251953,41.16590118408203
2021-02-16,129.495361328125,183.8806610107422,141.64097595214844,126.16567993164062,111.08592987060547,42.40446090698242
2021-02-17,127.2105712890625,183.80795288085938,142.14724731445312,126.55819702148438,111.5549087524414,43.06448745727539
2021-02-18,126.11192321777344,181.64547729492188,142.21585083007812,126.98551940917969,112.48408508300781,42.38816452026367
2021-02-19,126.2674560546875,190.7223358154297,139.8476104736328,129.10507202148438,110.3912124633789,42.673362731933594
2021-02-22,122.50482940673828,198.12734985351562,139.76126098632812,130.3173828125,109.92229461669922,44.24601364135742
2021-02-23,122.36871337890625,200.0535430908203,138.5265655517578,131.36407470703125,110.73859405517578,44.857139587402344
2021-02-24,121.87286376953125,202.13421630859375,140.38299560546875,133.6754150390625,110.86016845703125,46.20163345336914
2021-02-25,117.63380432128906,201.54367065429688,140.52972412109375,131.86122131347656,109.92229461669922,45.4356803894043
2021-02-26,117.89630889892578,196.14662170410156,136.81704711914062,128.36367797851562,107.27366638183594,44.30303955078125
2021-03-01,124.24516296386719,199.67196655273438,137.5595703125,131.2681427001953,107.93366241455078,45.957183837890625
2021-03-02,121.64923858642578,196.09210205078125,137.30056762695312,130.84072875976562,107.59497833251953,45.68827819824219
2021-03-03,118.67413330078125,195.26528930664062,134.88296508789062,133.37014770507812,106.95236206054688,46.054954528808594
2021-03-04,116.79765319824219,193.32090759277344,132.16326904296875,131.3204803466797,106.07527160644531,47.83946990966797
2021-03-05,118.0518569946289,200.035400390625,134.7794189453125,131.6257781982422,109.4012680053711,49.64842224121094
2021-03-08,113.13223266601562,201.32559204101562,135.90185546875,133.37014770507812,110.55623626708984,49.59952926635742
2021-03-09,117.73101043701172,196.98252868652344,136.1608428955078,132.4281768798828,109.5749282836914,48.833580017089844
2021-03-10,116.65181732177734,200.85311889648438,137.4127960205078,135.30648803710938,110.582275390625,50.332889556884766
2021-03-11,118.57688903808594,199.67196655273438,137.4041748046875,134.6000213623047,110.20886993408203,49.95806121826172
2021-03-12,117.67269134521484,208.0673370361328,137.80133056640625,136.19613647460938,111.2769775390625,50.4958610534668
2021-03-15,120.55057525634766,209.64830017089844,138.5093231201172,135.5158233642578,111.6417236328125,49.20840072631836
2021-03-16,122.08674621582031,205.75953674316406,139.32958984375,133.8934783935547,111.97171783447266,48.165409088134766
2021-03-17,121.29922485351562,212.2741241455078,138.8115692138672,135.27159118652344,111.52013397216797,48.37726974487305
2021-03-18,117.18655395507812,209.59376525878906,138.55252075195312,137.5044403076172,111.7633056640625,46.291263580322266
2021-03-19,116.66152954101562,204.69642639160156,138.18124389648438,135.3152313232422,111.16410064697266,46.03052520751953
2021-03-22,119.96722412109375,205.3597412109375,138.5784149169922,131.67808532714844,113.04852294921875,45.55790710449219
2021-03-23,119.14082336425781,198.2999725341797,138.44891357421875,130.3610382080078,115.15007019042969,44.99565887451172
2021-03-24,116.75875854492188,201.00759887695312,139.7958221435547,131.372802734375,115.11532592773438,45.90829849243164
2021-03-25,117.24488830566406,203.75152587890625,139.84764099121094,133.05618286132812,115.91425323486328,45.77791976928711
2021-03-26,117.84770965576172,208.52163696289062,142.40333557128906,135.27159118652344,117.62499237060547,47.02463150024414
2021-03-29,118.02271270751953,209.17578125,143.3617401123047,133.1695556640625,119.46603393554688,46.772029876708984
2021-03-30,116.57402801513672,211.77435302734375,142.472412109375,134.73956298828125,117.62499237060547,46.19347381591797
2021-03-31,118.76163482666016,210.6749725341797,141.902587890625,132.7770233154297,117.607666015625,45.49271774291992
2021-04-01,119.5880355834961,211.4654541015625,140.59019470214844,134.0679473876953,116.60899353027344,46.763877868652344
2021-04-05,122.4075927734375,212.3468017578125,141.10824584960938,134.7786102294922,118.49341583251953,46.038658142089844
2021-04-06,122.7090072631836,209.55740356445312,141.07366943359375,133.8310546875,118.5368423461914,45.90829849243164
2021-04-07,124.35211181640625,209.34844970703125,141.26364135742188,135.92794799804688,118.7452621459961,46.11200714111328
2021-04-08,126.74385833740234,209.41204833984375,140.71109008789062,136.0946044921875,119.19682312011719,45.631248474121094
2021-04-09,129.3106231689453,209.65733337402344,139.22596740722656,137.1123504638672,118.42393493652344,45.525306701660156
2021-04-12,127.59947204589844,209.8209228515625,139.56271362304688,136.82284545898438,118.90157318115234,45.22382354736328
2021-04-13,130.7009735107422,208.38536071777344,137.6977081298828,135.19094848632812,117.32975006103516,45.39493942260742
2021-04-14,128.36752319335938,211.32008361816406,138.07766723632812,132.6641845703125,117.75529479980469,46.70683670043945
2021-04-15,130.76905822753906,211.26559448242188,138.4834442138672,133.50643920898438,119.17948150634766,46.429786682128906
2021-04-16,130.4384765625,212.0287628173828,140.0807647705078,134.4978485107422,119.1881332397461,46.169036865234375
2021-04-19,131.099609375,211.1474609375,140.46929931640625,133.9275360107422,118.63236999511719,46.02236557006836
2021-04-20,129.41763305664062,206.8225555419922,143.7416229248047,130.96212768554688,119.6223373413086,45.052703857421875
2021-04-21,129.79676818847656,211.21107482910156,143.8366241455078,132.0763702392578,118.84075164794922,45.631248474121094
2021-04-22,128.28004455566406,207.96739196777344,142.61923217773438,129.29513549804688,117.66094970703125,45.03641128540039
2021-04-23,130.5940399169922,210.02093505859375,142.91278076171875,131.769287109375,117.05789947509766,45.280860900878906
2021-04-26,130.9829559326172,210.43167114257812,141.70399475097656,132.09390258789062,114.71570587158203,45.3704833984375
2021-04-27,130.66207885742188,210.2308807373047,140.89234924316406,132.6992645263672,114.64576721191406,45.9653205871582
2021-04-28,129.87461853027344,212.01979064941406,139.85626220703125,133.55906677246094,114.8380355834961,47.35055923461914
2021-04-29,129.77731323242188,207.6114501953125,141.77304077148438,136.15602111816406,115.80813598632812,48.026878356933594
2021-04-30,127.8133773803711,208.19558715820312,140.5038299560547,134.9453125,116.60343933105469,46.641658782958984
2021-05-03,128.8634033203125,208.25035095214844,142.6450958251953,134.5504913330078,117.9842758178711,47.92910385131836
2021-05-04,124.30351257324219,213.03286743164062,144.85545349121094,136.4104766845703,117.582275390625,48.23059844970703
2021-05-05,124.54658508300781,217.11264038085938,144.2510528564453,138.20025634765625,116.63841247558594,49.6810188293457
2021-05-06,126.14109802246094,216.37330627441406,144.82952880859375,140.9814910888672,118.10663604736328,50.15362548828125
2021-05-07,126.81311798095703,219.95108032226562,145.48574829101562,141.4639892578125,118.11540222167969,50.87068557739258
2021-05-10,123.54073333740234,221.42967224121094,147.0139923095703,141.44647216796875,120.3177490234375,50.992916107177734
2021-05-11,122.62525177001953,218.40863037109375,145.81387329101562,139.0951385498047,119.7234878540039,49.37138366699219
2021-05-12,119.56717681884766,216.60150146484375,145.2267303466797,138.1388397216797,118.45624542236328,49.63592529296875
2021-05-13,121.70978546142578,219.11143493652344,146.74635314941406,141.692138671875,120.36145782470703,49.02415084838867
2021-05-14,124.12507629394531,221.0828399658203,146.97080993652344,143.89427185058594,120.61492156982422,50.23942565917969
2021-05-17,122.9758529663086,223.41934204101562,147.11758422851562,144.47332763671875,120.37019348144531,51.413360595703125
2021-05-18,121.59291076660156,218.5637664794922,147.16943359375,142.43783569335938,119.13792419433594,49.958343505859375
2021-05-19,121.43708801269531,216.19081115722656,146.84996032714844,141.3499755859375,119.38263702392578,48.75960922241211
2021-05-20,123.9887466430664,214.47494506835938,147.70474243164062,141.10427856445312,120.60618591308594,48.64387130737305
2021-05-21,122.15776824951172,216.52853393554688,147.6097412109375,142.7098388671875,120.60618591308594,48.71001434326172
2021-05-24,123.78421020507812,218.1804962158203,148.17446899414062,143.48190307617188,120.57121276855469,49.28044891357422
2021-05-25,123.58943176269531,216.46456909179688,147.76612854003906,141.9991912841797,120.9819564819336,48.16436767578125
2021-05-26,123.54073333740234,216.95745849609375,146.88864135742188,141.98165893554688,120.71104431152344,48.726539611816406
2021-05-27,122.0116958618164,220.21583557128906,146.66278076171875,144.1925811767578,117.966796875,48.41238021850586
2021-05-28,121.35916900634766,220.0332489013672,147.0449981689453,144.09605407714844,117.85318756103516,48.25530242919922
2021-06-01,121.03776550292969,221.56654357910156,143.81309509277344,145.68408203125,116.1314926147461,49.9831428527832
2021-06-02,121.79743957519531,222.20547485351562,144.39517211914062,145.69284057617188,116.63841247558594,50.379966735839844
2021-06-03,120.31708526611328,222.55226135253906,144.25619506835938,145.7893829345703,118.72715759277344,50.578372955322266
2021-06-04,122.60577392578125,222.71656799316406,144.19532775878906,146.02622985839844,118.81452178955078,50.80158996582031
2021-06-07,122.61551666259766,218.82850646972656,143.2135772705078,145.34188842773438,119.225341796875,50.47090530395508
2021-06-08,123.43358612060547,219.1935577392578,141.9538116455078,144.76284790039062,117.84445190429688,51.36375427246094
2021-06-09,123.81343078613281,214.16461181640625,143.86520385742188,142.9555206298828,117.80077362060547,51.79364776611328
2021-06-10,122.8200454711914,206.02333068847656,145.15972900390625,140.72702026367188,118.67471313476562,51.876319885253906
2021-06-11,124.0276870727539,201.43246459960938,143.31785583496094,140.6305389404297,117.86195373535156,51.39681625366211
2021-06-14,127.07601928710938,199.88998413085938,143.67405700683594,138.24412536621094,117.9056167602539,51.314151763916016
2021-06-15,126.25796508789062,200.30072021484375,142.9095458984375,136.14724731445312,117.67842102050781,53.182525634765625
2021-06-16,126.75463104248047,198.20147705078125,142.85739135742188,137.1035919189453,116.04411315917969,52.99238586425781
2021-06-17,128.35186767578125,191.16458129882812,143.5437469482422,133.14674377441406,117.10159301757812,51.248008728027344
2021-06-18,127.05658721923828,190.62612915039062,140.72882080078125,129.77769470214844,115.38863372802734,49.933536529541016
2021-06-21,128.84854125976562,194.59637451171875,142.34481811523438,131.97984313964844,116.29757690429688,51.74404525756836
2021-06-22,130.4847412109375,194.52334594726562,142.15365600585938,131.7868194580078,116.34124755859375,52.73609924316406
2021-06-23,130.2120361328125,195.12571716308594,141.2935333251953,132.58518981933594,116.17518615722656,53.12466049194336
2021-06-24,129.92959594726562,200.19119262695312,141.93646240234375,133.80474853515625,116.25386047363281,53.339603424072266
2021-06-25,129.63742065429688,197.42568969726562,142.66627502441406,135.15586853027344,117.91439056396484,53.45535659790039
2021-06-28,131.26385498046875,197.3892059326172,142.50120544433594,135.40151977539062,118.26396179199219,52.091270446777344
2021-06-29,132.77340698242188,196.32135009765625,142.5098876953125,135.23483276367188,117.45992279052734,51.76884841918945
2021-06-30,133.38699340820312,198.63047790527344,143.12673950195312,136.46310424804688,117.92313385009766,52.149139404296875
2021-07-01,133.68890380859375,197.79080200195312,144.18663024902344,137.81423950195312,118.19405364990234,52.297935485839844
2021-07-02,136.30874633789062,198.74911499023438,146.81044006347656,137.681884765625,118.77088165283203,52.223541259765625
2021-07-06,138.3149871826172,194.87925720214844,145.93295288085938,135.36996459960938,118.84073638916016,50.73544692993164
2021-07-07,140.79844665527344,195.9471435546875,147.1840362548828,135.52879333496094,119.73221588134766,49.94181442260742
2021-07-08,139.50315856933594,193.59239196777344,146.89732360839844,133.1904296875,119.71471405029297,49.718589782714844
2021-07-09,141.3243408203125,198.4387969970703,147.4794158935547,137.45245361328125,119.7584457397461,50.619712829589844
2021-07-12,140.7303009033203,199.49754333496094,147.2448272705078,139.42022705078125,119.85457611083984,50.57011413574219
2021-07-13,141.84054565429688,196.40347290039062,147.06240844726562,137.3465576171875,119.70598602294922,50.33036804199219
2021-07-14,145.2589569091797,193.1634063720703,148.06153869628906,136.8788604736328,120.58869171142578,49.214298248291016
2021-07-15,144.60647583007812,192.95347595214844,146.28048706054688,137.17892456054688,121.61994171142578,48.734806060791016
2021-07-16,142.57095336914062,189.79556274414062,146.04591369628906,134.04637145996094,122.79979705810547,47.38726043701172
2021-07-19,138.73373413085938,186.3453826904297,144.98597717285156,129.6873016357422,122.7386474609375,45.758636474609375
2021-07-20,142.3372039794922,190.82325744628906,146.34999084472656,132.10507202148438,122.08316802978516,46.26293182373047
2021-07-21,141.60679626464844,193.36502075195312,147.2535400390625,134.8846435546875,121.65492248535156,47.75101852416992
2021-07-22,142.97032165527344,191.9243927001953,147.6792449951172,133.1815948486328,121.18885040283203,47.21364974975586
2021-07-23,144.6843719482422,192.26390075683594,149.2517547607422,132.92568969726562,122.93890380859375,47.155784606933594
2021-07-26,145.1031494140625,193.64027404785156,149.3212890625,133.81695556640625,123.36982727050781,48.34624481201172
2021-07-27,142.94107055664062,192.60337829589844,150.00767517089844,133.64044189453125,123.87114715576172,47.80887985229492
2021-07-28,141.19773864746094,194.01654052734375,149.5906219482422,133.86105346679688,122.03308868408203,48.13130569458008
2021-07-29,141.84054565429688,195.04420471191406,149.5906219482422,135.0081329345703,122.66629791259766,48.7182731628418
2021-07-30,142.05479431152344,189.71298217773438,149.6079864501953,133.93165588378906,125.08479309082031,47.59394454956055
2021-08-02,141.7236328125,188.2540283203125,149.6688232421875,133.3933563232422,124.77701568603516,47.60219955444336
2021-08-03,143.51565551757812,191.3187713623047,151.51065063476562,134.91111755371094,126.59742736816406,48.11476516723633
2021-08-04,143.11634826660156,187.66673278808594,150.6157989501953,133.4551544189453,125.26070404052734,46.99043655395508
2021-08-05,143.22349548339844,190.11669921875,150.90252685546875,135.14051818847656,125.32225036621094,47.288063049316406
2021-08-06,142.54074096679688,191.18113708496094,150.39862060546875,138.97898864746094,124.3636474609375,47.83368682861328
2021-08-09,142.49195861816406,191.67665100097656,150.91989135742188,138.82901000976562,125.04081726074219,47.288063049316406
2021-08-10,142.0140380859375,196.42979431152344,150.97203063964844,140.53204345703125,125.11996459960938,48.098236083984375
2021-08-11,142.26766967773438,203.3943328857422,150.99810791015625,142.20863342285156,125.4277572631836,48.23876953125
2021-08-12,145.2230224609375,202.0913543701172,152.21441650390625,142.76451110839844,125.7179946899414,48.129676818847656
2021-08-13,145.42782592773438,200.55897521972656,153.12664794921875,141.1673583984375,126.32482147216797,47.64292907714844
2021-08-16,147.39808654785156,199.7698516845703,154.508056640625,140.24082946777344,127.20427703857422,46.94636917114258
2021-08-17,146.49099731445312,195.85169982910156,155.92422485351562,138.54660034179688,127.41533660888672,46.62746047973633
2021-08-18,142.75534057617188,192.5207977294922,153.94332885742188,137.2847900390625,126.0258560180664,45.64556121826172
2021-08-19,143.08692932128906,187.6024932861328,155.14230346679688,136.13766479492188,127.51210021972656,44.25244903564453
2021-08-20,144.5402374267578,188.05213928222656,155.89813232421875,136.52589416503906,127.60002899169922,44.26083755493164
2021-08-23,146.0228271484375,191.906005859375,155.22518920898438,138.27308654785156,126.94926452636719,46.08195495605469
2021-08-24,145.93505859375,195.0717315673828,153.2849884033203,139.12901306152344,125.92024993896484,46.459617614746094
2021-08-25,144.70603942871094,197.0629119873047,152.27117919921875,141.99679565429688,125.4717788696289,46.54354476928711
2021-08-26,143.90625,193.8330078125,151.45838928222656,142.72921752929688,125.25191497802734,45.91411209106445
2021-08-27,144.9401397705078,195.29196166992188,151.13499450683594,143.87635803222656,125.15515899658203,46.8036994934082
2021-08-30,149.3488006591797,194.02566528320312,151.7730255126953,141.57330322265625,125.70040130615234,46.291770935058594
2021-08-31,148.09059143066406,193.4934539794922,151.30979919433594,141.14093017578125,125.22550201416016,45.75466537475586
2021-09-01,148.75381469726562,190.82325744628906,151.8428955078125,140.93797302246094,126.5007553100586,45.125244140625
2021-09-02,149.86572265625,194.3284912109375,152.8829345703125,141.5909423828125,126.59742736816406,46.224632263183594
2021-09-03,150.499755859375,193.03469848632812,152.9790802001953,140.7349853515625,126.6854019165039,46.04839324951172
2021-09-07,152.8308868408203,191.071044921875,150.60191345214844,140.48794555664062,126.21050262451172,45.77983856201172
2021-09-08,151.28982543945312,189.73130798339844,150.2348175048828,139.8613739013672,127.16911315917969,45.3602294921875
2021-09-09,150.2754364013672,188.4925537109375,146.88754272460938,140.47024536132812,126.63262939453125,45.393795013427734
2021-09-10,145.30104064941406,188.11636352539062,145.92616271972656,138.85546875,126.75579833984375,45.30148696899414
2021-09-13,145.86672973632812,189.2082977294922,144.9036407470703,141.0614776611328,128.11886596679688,46.46800231933594
2021-09-14,144.4719696044922,185.65721130371094,144.02969360351562,138.59954833984375,127.89907836914062,45.80501937866211
2021-09-15,145.35955810546875,188.7770233154297,144.571533203125,139.5614013671875,127.62641906738281,47.34918975830078
2021-09-16,145.12545776367188,186.8225860595703,144.39674377441406,139.49964904785156,126.73817443847656,46.845664978027344
2021-09-17,142.46270751953125,183.28982543945312,143.9859619140625,139.1378173828125,126.94043731689453,46.291770935058594
2021-09-20,139.4195556640625,175.0956573486328,143.16444396972656,134.972900390625,125.66522979736328,45.058101654052734
2021-09-21,139.8974609375,174.1964111328125,143.79368591308594,134.99049377441406,125.85871887207031,45.016143798828125
2021-09-22,142.2578887939453,175.58201599121094,143.26927185058594,137.5759735107422,126.2896499633789,46.333736419677734
2021-09-23,143.21372985839844,180.4177703857422,144.08212280273438,142.2262420654297,126.80854034423828,47.90308380126953
2021-09-24,143.30152893066406,180.6012725830078,143.6451416015625,143.86749267578125,126.24567413330078,48.33108901977539
2021-09-27,141.78970336914062,183.5192108154297,142.6051025390625,147.34420776367188,124.58350372314453,49.76616668701172
2021-09-28,138.41493225097656,184.02392578125,142.29046630859375,146.5500030517578,123.6424789428711,50.28648376464844
2021-09-29,139.312255859375,181.56472778320312,143.34799194335938,146.43536376953125,124.90009307861328,50.2529182434082
2021-09-30,138.01499938964844,176.15090942382812,141.14559936523438,144.4410858154297,122.9477310180664,49.36334228515625
2021-10-01,139.1366729736328,178.31642150878906,140.24539184570312,147.4766082763672,122.75421905517578,51.13410949707031
2021-10-04,135.7131805419922,177.21530151367188,139.15293884277344,147.31776428222656,122.05946350097656,51.79710388183594
2021-10-05,137.63462829589844,176.63720703125,139.46755981445312,149.72348022460938,122.53438568115234,51.71318054199219
2021-10-06,138.50271606445312,176.0499725341797,139.75596618652344,150.04306030273438,124.170166015625,50.76485824584961
2021-10-07,139.76089477539062,179.61941528320312,141.00572204589844,150.99293518066406,125.16394805908203,50.90751647949219
2021-10-08,139.3805389404297,179.07806396484375,140.64743041992188,151.1083221435547,124.6450424194336,52.18314743041992
2021-10-11,139.29275512695312,176.99510192871094,140.05313110351562,147.9302978515625,125.16394805908203,51.66282653808594
2021-10-12,138.02476501464844,174.26983642578125,137.81578063964844,146.7940216064453,124.97928619384766,51.39427185058594
2021-10-13,137.4395751953125,173.37060546875,139.1354217529297,142.92349243164062,125.2695083618164,51.25160217285156
2021-10-14,140.21934509277344,178.31642150878906,139.9307403564453,145.11618041992188,126.6854019165039,52.03208541870117
2021-10-15,141.27279663085938,182.6199493408203,140.97080993652344,147.90365600585938,127.01083374023438,52.5272216796875
2021-10-18,142.9406280517578,181.8491668701172,139.9394989013672,147.85040283203125,125.18152618408203,52.502052307128906
2021-10-19,145.0962371826172,184.5652618408203,143.2168731689453,149.64361572265625,123.70404815673828,53.29092025756836
2021-10-20,145.58389282226562,187.36392211914062,143.1382293701172,151.65870666503906,124.1877670288086,53.584651947021484
2021-10-21,145.79847717285156,185.4828643798828,142.80609130859375,150.4691619873047,123.29399108886719,52.61114501953125
2021-10-22,145.02793884277344,185.13229370117188,143.08575439453125,152.49317932128906,124.62135314941406,52.97201919555664
2021-10-25,144.97915649414062,186.57162475585938,143.400390625,151.74749755859375,124.63908386230469,54.0042724609375
2021-10-26,145.64244079589844,184.20037841796875,144.8599395751953,152.1558380126953,126.40889739990234,55.25471115112305
2021-10-27,145.18399047851562,180.9618682861328,143.103271484375,148.98670959472656,125.50627136230469,53.81964111328125
2021-10-28,148.81239318847656,188.3061981201172,142.325439453125,151.23255920410156,126.2583999633789,53.9706916809082
2021-10-29,146.11058044433594,188.2323760986328,142.3516845703125,150.8153839111328,126.53271484375,54.104976654052734
2021-11-01,145.2913055419922,189.4964599609375,142.47396850585938,150.7354736328125,126.2230224609375,55.07847213745117
2021-11-02,146.32518005371094,191.10186767578125,144.7200927734375,151.33023071289062,127.4795913696289,54.398704528808594
2021-11-03,147.75897216796875,187.80799865722656,144.2569122314453,151.38348388671875,128.3556365966797,53.65178298950195
2021-11-04,147.24205017089844,187.84486389160156,143.85487365722656,149.39500427246094,128.59463500976562,54.05463409423828
2021-11-05,147.76943969726562,189.957763671875,142.8323211669922,149.1819610595703,129.2317352294922,54.56655502319336
2021-11-08,146.94898986816406,197.68045043945312,142.34292602539062,150.07855224609375,128.2671356201172,55.154014587402344
2021-11-09,147.3103790283203,193.58383178710938,142.02828979492188,148.9422607421875,128.65652465820312,55.69112014770508
2021-11-10,144.4874725341797,190.68666076660156,143.56643676757812,148.8002471923828,129.9219512939453,54.593963623046875
2021-11-11,144.43861389160156,192.40284729003906,142.50897216796875,148.79136657714844,129.55027770996094,54.696022033691406
2021-11-12,146.5094451904297,193.08558654785156,144.21319580078125,148.12557983398438,129.69186401367188,54.27928161621094
2021-11-15,146.51918029785156,191.646240234375,142.91099548339844,147.85926818847656,130.4351806640625,54.747066497802734
2021-11-16,147.4959716796875,189.54257202148438,142.1680908203125,146.7940216064453,130.24937438964844,55.299888610839844
2021-11-17,149.9282684326172,187.28207397460938,142.70127868652344,146.00389099121094,130.16970825195312,54.696022033691406
2021-11-18,154.20655822753906,185.8426971435547,141.93214416503906,144.74334716796875,130.1874542236328,54.10066604614258
2021-11-19,156.8243865966797,184.9385223388672,142.36038208007812,142.85247802734375,129.9219512939453,51.60017776489258
2021-11-22,157.2834930419922,186.72848510742188,140.4866485595703,145.89739990234375,130.7891387939453,52.314613342285156
2021-11-23,157.66445922851562,189.45028686523438,141.35752868652344,149.38613891601562,132.2404022216797,53.69242858886719
2021-11-24,158.18212890625,191.0557861328125,140.96170043945312,148.21434020996094,131.5501708984375,53.99010467529297
2021-11-26,153.17115783691406,183.3607177734375,140.04678344726562,143.7490692138672,130.4971160888672,52.09347915649414
2021-11-29,156.52157592773438,180.76805114746094,140.53062438964844,143.127685546875,131.86874389648438,52.38264846801758
2021-11-30,161.46417236328125,178.39682006835938,137.1702117919922,140.99716186523438,127.93975830078125,50.89426803588867
2021-12-01,160.94642639160156,176.6622314453125,139.06155395507812,140.16268920898438,129.55027770996094,50.85173797607422
2021-12-02,159.95989990234375,181.57080078125,138.19065856933594,143.10995483398438,130.311279296875,52.11899185180664
2021-12-03,158.08445739746094,182.50265502929688,140.20516967773438,140.517822265625,132.6297149658203,51.787296295166016
2021-12-06,161.48367309570312,185.7135467529297,143.33685302734375,142.17784118652344,134.6385040283203,52.37413787841797
2021-12-07,167.20770263671875,188.67526245117188,143.70632934570312,144.3172607421875,134.28456115722656,52.96099853515625
2021-12-08,171.0171661376953,188.39845275878906,144.5684051513672,142.66607666015625,134.88623046875,53.11408615112305
2021-12-09,170.50926208496094,188.34310913085938,145.94073486328125,142.44415283203125,135.67384338378906,53.25016403198242
2021-12-10,175.28582763671875,187.72496032714844,145.580078125,141.87599182128906,137.56753540039062,53.59036636352539
2021-12-13,171.66189575195312,185.6858367919922,148.18394470214844,140.18930053710938,139.52317810058594,52.41666793823242
2021-12-14,170.28460693359375,186.04566955566406,149.80259704589844,141.26348876953125,140.03640747070312,52.340118408203125
2021-12-15,175.13931274414062,186.8853302001953,150.55035400390625,140.20706176757812,140.57620239257812,52.11049270629883
2021-12-16,168.26266479492188,190.22535705566406,152.1953582763672,142.39974975585938,142.56729125976562,52.195533752441406
2021-12-17,167.1686248779297,185.7965545654297,147.9904022216797,139.15957641601562,139.33734130859375,51.05585861206055
2021-12-20,165.81085205078125,180.3436279296875,147.56817626953125,136.65614318847656,139.69129943847656,50.315921783447266
2021-12-21,168.97569274902344,182.9732208251953,147.09312438964844,138.5647735595703,139.6028289794922,51.455604553222656
2021-12-22,171.56423950195312,186.5162353515625,147.7265167236328,139.10630798339844,140.98330688476562,51.872337341308594
2021-12-23,172.1893768310547,190.2530059814453,148.00802612304688,139.6033935546875,141.67347717285156,51.89786148071289
2021-12-27,176.14535522460938,190.41912841796875,149.25717163085938,140.4023895263672,143.3282928466797,52.63779830932617
2021-12-28,175.1295166015625,190.64053344726562,149.85536193847656,140.82846069335938,144.09815979003906,52.46769714355469
2021-12-29,175.2174530029297,191.295654296875,150.91099548339844,140.75746154785156,145.29278564453125,52.00843048095703
2021-12-30,174.06480407714844,190.14231872558594,151.57958984375,140.68646240234375,144.03622436523438,51.70225143432617
2021-12-31,173.44943237304688,190.75125122070312,150.48873901367188,140.571044921875,144.7529754638672,52.042442321777344
2022-01-03,177.78639221191406,190.99114990234375,150.90219116210938,143.54489135742188,144.15122985839844,54.0411376953125
2022-01-04,175.52999877929688,201.21426391601562,150.49752807617188,148.98670959472656,144.65560913085938,56.0738525390625
2022-01-05,170.86093139648438,202.75515747070312,151.50038146972656,146.26287841796875,145.31045532226562,56.77125930786133
2022-01-06,168.00868225097656,204.82188415527344,150.9813690185547,147.8168182373047,144.08929443359375,58.10655212402344
2022-01-07,168.1747589111328,206.85174560546875,153.02223205566406,149.2813720703125,144.00965881347656,58.58283233642578
2022-01-10,168.19427490234375,204.49896240234375,152.26571655273438,149.4242401123047,142.04515075683594,58.2341423034668
2022-01-11,171.0171661376953,202.9396514892578,150.64707946777344,149.57608032226562,140.3992462158203,60.683570861816406
2022-01-12,171.45675659179688,205.20016479492188,149.3627166748047,150.42445373535156,140.70895385742188,60.504974365234375
2022-01-13,168.19427490234375,209.4444122314453,148.45664978027344,150.23690795898438,140.07180786132812,60.07122039794922
2022-01-14,169.05386352539062,211.234375,147.64735412597656,141.0028533935547,141.4168701171875,61.1258544921875
2022-01-18,165.8597412109375,212.09246826171875,146.99635314941406,135.09088134765625,138.69134521484375,62.15496063232422
2022-01-19,162.37257385253906,205.50979614257812,146.5388946533203,133.0011749267578,143.35484313964844,62.180484771728516
2022-01-20,160.6925048828125,200.8462677001953,145.3689422607422,131.8669891357422,144.12884521484375,62.316551208496094
2022-01-21,158.6412353515625,198.4912872314453,145.03466796875,129.56292724609375,144.68045043945312,61.381004333496094
2022-01-24,157.8695526123047,198.71383666992188,143.36328125,129.44683837890625,143.50604248046875,61.90830993652344
2022-01-25,156.07225036621094,198.6952667236328,147.46263122558594,130.85784912109375,141.94017028808594,63.72841262817383
2022-01-26,155.9843292236328,198.6767120361328,148.12237548828125,132.09918212890625,140.7035675048828,63.08201217651367
2022-01-27,155.52528381347656,196.71121215820312,150.06651306152344,129.7683563232422,141.5754852294922,63.890010833740234
2022-01-28,166.37741088867188,186.50338745117188,151.1220703125,130.92929077148438,142.79432678222656,64.02608489990234
2022-01-31,170.72415161132812,186.8742218017578,151.5619659423828,132.7064666748047,142.74981689453125,64.60440826416016
2022-02-01,170.55810546875,190.38809204101562,150.32156372070312,134.98374938964844,142.11817932128906,68.74636840820312
2022-02-02,171.7595672607422,190.0080108642578,151.9842071533203,133.9031524658203,144.66265869140625,68.56777954101562
2022-02-03,168.8877716064453,185.97494506835938,151.9754180908203,132.79579162597656,146.03273010253906,67.76830291748047
2022-02-04,168.6041717529297,183.9537811279297,150.9813690185547,136.24295043945312,143.71067810058594,69.23966979980469
2022-02-07,167.8901824951172,185.26101684570312,150.47994995117188,136.69834899902344,142.63418579101562,70.07315826416016
2022-02-08,170.99057006835938,186.81861877441406,150.87579345703125,139.27032470703125,142.31393432617188,68.26158142089844
2022-02-09,172.4087677001953,188.76564025878906,150.85821533203125,139.85081481933594,141.9936065673828,67.93482208251953
2022-02-10,168.34010314941406,188.27426147460938,149.0372314453125,139.27032470703125,139.8316650390625,67.28126525878906
2022-02-11,164.9365234375,186.57762145996094,147.53302001953125,137.4574432373047,139.0487823486328,68.97533416748047
2022-02-14,165.17124938964844,185.32594299316406,145.67681884765625,136.1803741455078,139.44911193847656,67.91761016845703
2022-02-15,168.99537658691406,188.5894775390625,147.18112182617188,138.17190551757812,139.52027893066406,67.06627655029297
2022-02-16,168.76065063476562,188.80271911621094,147.09312438964844,138.42196655273438,140.57901000976562,67.37586212158203
2022-02-17,165.17124938964844,180.55116271972656,146.19583129882812,135.23374938964844,142.1893310546875,67.27266693115234
2022-02-18,163.6259307861328,177.96446228027344,144.6288299560547,135.8678741455078,142.260498046875,66.52452087402344
2022-02-22,160.71141052246094,177.2783660888672,142.66331481933594,135.626708984375,140.50784301757812,65.75059509277344
2022-02-23,156.5547332763672,173.0691375732422,142.7341766357422,132.78684997558594,138.75514221191406,66.01715087890625
2022-02-24,159.1660614013672,171.23342895507812,140.00732421875,129.0896453857422,135.0185089111328,65.18302154541016
2022-02-25,161.22975158691406,173.4307403564453,146.966064453125,132.14382934570312,140.78363037109375,66.93730926513672
2022-02-28,161.49378967285156,173.912841796875,145.70005798339844,126.63375854492188,138.6929168701172,67.4360580444336
2022-03-01,159.61599731445312,169.5089569091797,145.19540405273438,121.85596466064453,136.39749145507812,68.08101654052734
2022-03-02,162.90219116210938,178.57635498046875,147.00149536132812,124.38327026367188,136.8245391845703,69.2505111694336
2022-03-03,162.57945251464844,180.65313720703125,149.16172790527344,123.49916076660156,137.33168029785156,69.6890869140625
2022-03-04,159.58663940429688,181.4041290283203,150.0470428466797,120.02522277832031,138.02561950683594,72.31188201904297
2022-03-07,155.80166625976562,182.36839294433594,152.4640350341797,115.39032745361328,135.97933959960938,74.91747283935547
2022-03-08,153.98248291015625,194.69932556152344,149.37420654296875,114.57765197753906,130.59671020507812,75.48504638671875
2022-03-09,159.3714599609375,194.49534606933594,149.94081115722656,119.16788482666016,132.3583221435547,71.1939697265625
2022-03-10,155.0387725830078,196.35891723632812,150.20645141601562,117.75689697265625,128.9508514404297,73.40398406982422
2022-03-11,151.3319854736328,199.17738342285156,149.93194580078125,115.10453796386719,127.42058563232422,73.025634765625
2022-03-14,147.312255859375,199.74293518066406,152.003662109375,116.24764251708984,129.0487060546875,70.41143798828125
2022-03-15,151.68409729003906,200.68862915039062,155.9434356689453,118.31057739257812,133.69287109375,66.40414428710938
2022-03-16,156.08526611328125,200.33631896972656,154.5091552734375,123.5973892211914,133.23912048339844,66.15474700927734
2022-03-17,157.0926513671875,205.54684448242188,156.52772521972656,125.16024017333984,133.65724182128906,67.91761016845703
2022-03-18,160.37884521484375,204.81442260742188,154.79248046875,125.11561584472656,133.58609008789062,67.65103149414062
2022-03-21,161.74815368652344,207.410400390625,155.6689453125,124.71369934082031,134.0932159423828,70.68659973144531
2022-03-22,165.11256408691406,206.48329162597656,154.93414306640625,127.3660659790039,135.12527465820312,70.37703704833984
2022-03-23,166.47203063964844,205.9825897216797,154.34983825683594,124.8298110961914,134.18214416503906,71.48634338378906
2022-03-24,170.24728393554688,206.01966857910156,155.1466064453125,125.64246368408203,134.41348266601562,71.7013168334961
2022-03-25,170.88302612304688,207.0858917236328,156.63397216796875,126.74090576171875,135.97044372558594,73.26641845703125
2022-03-28,171.74368286132812,205.68592834472656,157.43963623046875,125.8032455444336,136.90460205078125,71.21117401123047
2022-03-29,175.02987670898438,204.93496704101562,157.35997009277344,126.08007049560547,138.31027221679688,70.83280181884766
2022-03-30,173.86598205566406,206.82626342773438,158.99781799316406,125.508544921875,137.3583526611328,72.04529571533203
2022-03-31,170.77540588378906,206.58526611328125,156.908447265625,121.73988342285156,135.9437713623047,71.02197265625
2022-04-01,170.48202514648438,203.75747680664062,157.7583465576172,120.83789825439453,137.98114013671875,71.47775268554688
2022-04-04,174.5213165283203,204.72169494628906,156.23556518554688,121.37371063232422,137.08253479003906,71.51215362548828
2022-04-05,171.2155303955078,200.2807159423828,157.244873046875,119.96125030517578,137.56297302246094,71.14237976074219
2022-04-06,168.05648803710938,200.4568328857422,161.33511352539062,118.29689025878906,139.5291748046875,71.93352508544922
2022-04-07,168.3596649169922,200.16943359375,160.9189910888672,117.93700408935547,141.33523559570312,73.13743591308594
2022-04-08,166.3546600341797,201.2171173095703,161.2377166748047,120.09620666503906,142.4384765625,74.67668914794922
2022-04-11,162.11000061035156,200.30850219726562,159.2191619873047,119.6553726196289,141.895751953125,72.10550689697266
2022-04-12,163.97805786132812,200.91114807128906,159.27224731445312,118.34184265136719,141.4686737060547,73.61039733886719
2022-04-13,166.65785217285156,202.3667755126953,159.9451446533203,114.52727508544922,141.86907958984375,74.6509017944336
2022-04-14,161.66006469726562,211.211669921875,159.27224731445312,113.46566772460938,141.07720947265625,75.52804565429688
2022-04-18,161.44491577148438,213.16793823242188,157.28915405273438,115.5708999633789,139.73382568359375,76.14718627929688
2022-04-19,163.72373962402344,215.24473571777344,162.08766174316406,117.9639892578125,141.82456970214844,75.46783447265625
2022-04-20,163.55751037597656,217.95196533203125,162.80479431152344,118.37784576416016,145.59683227539062,75.63982391357422
2022-04-21,162.7652587890625,215.62486267089844,162.3355255126953,117.46019744873047,145.4832000732422,74.84008026123047
2022-04-22,158.23696899414062,201.5020294189453,160.7241973876953,114.08644104003906,144.2664794921875,73.20622253417969
2022-04-25,159.30300903320312,201.87464904785156,164.68170166015625,114.05045318603516,145.42953491210938,70.73822021484375
2022-04-26,153.35650634765625,195.91253662109375,163.5041961669922,110.67671966552734,142.96018981933594,70.76402282714844
2022-04-27,153.13157653808594,199.32211303710938,161.2200164794922,109.23725891113281,142.57550048828125,72.78485107421875
2022-04-28,160.04629516601562,197.9060821533203,162.42408752441406,110.96461486816406,146.19894409179688,74.98627471923828
2022-04-29,154.1878662109375,196.13609313964844,159.76808166503906,107.38394165039062,143.64015197753906,73.30939483642578
2022-05-02,154.4910430908203,197.5614013671875,158.15676879882812,108.36457824707031,141.69874572753906,74.30693817138672
2022-05-03,155.97767639160156,199.00538635253906,157.8468780517578,110.68572235107422,139.75729370117188,75.83761596679688
2022-05-04,162.37403869628906,207.3616943359375,159.53785705566406,114.34734344482422,140.78616333007812,78.8559799194336
2022-05-05,153.32720947265625,201.1573486328125,156.49229431152344,111.48641204833984,138.1916046142578,77.66068267822266
2022-05-06,154.052001953125,199.96490478515625,156.1470489501953,111.30648040771484,139.56939697265625,78.8473892211914
2022-05-09,148.9391326904297,192.17684936523438,156.99696350097656,109.63311004638672,139.22047424316406,72.63007354736328
2022-05-10,151.33885192871094,189.10263061523438,156.7844696044922,106.96112060546875,138.48684692382812,73.11161804199219
2022-05-11,143.49325561523438,191.1707305908203,155.9345703125,106.28636169433594,136.53643798828125,74.63369750976562
2022-05-12,139.63409423828125,189.13990783691406,157.4750213623047,106.19639587402344,135.98175048828125,74.97251892089844
2022-05-13,144.09071350097656,190.3509521484375,156.5719757080078,107.14102935791016,137.4400634765625,77.19650268554688
2022-05-16,142.5529327392578,193.01527404785156,157.66098022460938,106.3943099975586,138.7821044921875,79.01214599609375
2022-05-17,146.1770477294922,198.5116424560547,158.31610107421875,109.9209976196289,138.38841247558594,80.01990509033203
2022-05-18,137.9298553466797,193.71397399902344,155.3768310546875,108.04071044921875,129.76376342773438,78.75155639648438
2022-05-19,134.5310821533203,192.6146697998047,153.99569702148438,106.43928527832031,126.77555084228516,79.17721557617188
2022-05-20,134.76609802246094,184.28631591796875,156.6870880126953,105.5666275024414,126.85606384277344,79.80271911621094
2022-05-23,140.17283630371094,190.1832275390625,159.88589477539062,112.09817504882812,129.772705078125,81.56626892089844
2022-05-24,137.47927856445312,191.58062744140625,161.63229370117188,113.68159484863281,132.08099365234375,82.00933837890625
2022-05-25,137.63601684570312,194.990234375,160.0462646484375,114.47330474853516,129.9158477783203,83.65994262695312
2022-05-26,140.82907104492188,198.41847229003906,159.90374755859375,116.45256042480469,131.05210876464844,83.955322265625
2022-05-27,146.56883239746094,202.28456115722656,161.3560791015625,118.09893798828125,133.05615234375,84.78063201904297
2022-05-31,145.7852020263672,201.0828094482422,159.966064453125,118.9626235961914,132.30462646484375,83.3993148803711
2022-06-01,145.65789794921875,202.68516540527344,158.3444061279297,116.8753890991211,130.30055236816406,84.99781799316406
2022-06-02,148.10659790039062,204.9488983154297,157.84542846679688,118.75569915771484,131.7052001953125,84.85011291503906
2022-06-03,142.39627075195312,207.65048217773438,157.1949920654297,117.10033416748047,130.5242156982422,86.08373260498047
2022-06-06,143.140625,208.33053588867188,157.17715454101562,116.71343994140625,130.01426696777344,85.86653900146484
2022-06-07,145.65789794921875,211.56314086914062,158.90574645996094,117.01935577392578,131.463623046875,89.80197143554688
2022-06-08,144.9232940673828,214.0784454345703,157.96127319335938,115.15705871582031,129.8263702392578,90.86183166503906
2022-06-09,139.71246337890625,208.36778259277344,154.7803192138672,112.73693084716797,127.48234558105469,88.8984603881836
2022-06-10,134.31553649902344,200.45864868164062,153.74667358398438,107.55487823486328,126.99919891357422,87.27391815185547
2022-06-13,129.17330932617188,192.72647094726562,152.1963348388672,104.35208129882812,123.59941864013672,83.26901245117188
2022-06-14,130.03524780273438,192.54949951171875,149.86183166503906,102.61571502685547,119.74339294433594,83.4861831665039
2022-06-15,132.65042114257812,191.90667724609375,151.46566772460938,103.83026885986328,118.55345916748047,82.43500518798828
2022-06-16,127.39064025878906,181.46359252929688,151.5458526611328,102.0489273071289,119.27816772460938,79.3944091796875
2022-06-17,128.85989379882812,179.46072387695312,150.99343872070312,101.6890640258789,118.41927337646484,74.81614685058594
2022-06-21,133.08143615722656,182.9355010986328,154.15660095214844,104.20813751220703,122.00689697265625,79.47261047363281
2022-06-22,132.57212829589844,174.97976684570312,156.58909606933594,103.62332916259766,123.9125747680664,76.32775115966797
2022-06-23,135.43215942382812,166.4464569091797,160.08192443847656,102.48976135253906,127.31233215332031,74.02557373046875
2022-06-24,138.75259399414062,172.79989624023438,162.42529296875,105.54863739013672,129.1464080810547,75.49376678466797
2022-06-27,138.75259399414062,174.75621032714844,162.2738494873047,104.70294189453125,128.1622772216797,77.34418487548828
2022-06-28,134.6191864013672,174.61647033691406,157.65834045410156,104.19913482666016,126.07770538330078,79.48997497558594
2022-06-29,136.37246704101562,170.92733764648438,157.702880859375,103.73131561279297,127.22286987304688,76.55363464355469
2022-06-30,133.91397094726562,166.5303192138672,158.1662139892578,101.31119537353516,128.64540100097656,74.3991470336914
2022-07-01,136.07859802246094,166.09242248535156,159.9571533203125,102.60671997070312,130.72105407714844,76.0584487915039
2022-07-05,138.6546173095703,161.8723602294922,158.7275390625,102.2164535522461,129.45956420898438,73.6781005859375
2022-07-06,139.9867401123047,160.5215606689453,158.87010192871094,101.55387878417969,130.66738891601562,72.3488998413086
2022-07-07,143.34634399414062,167.94630432128906,159.0482940673828,104.12245178222656,130.6226348876953,74.6597671508789
2022-07-08,144.02212524414062,166.8470458984375,158.85231018066406,103.79570770263672,129.745849609375,74.7813949584961
2022-07-11,141.89671325683594,163.04615783691406,158.91465759277344,102.43427276611328,130.658447265625,74.3991470336914
2022-07-12,142.8663787841797,162.55245971679688,156.6870880126953,102.53411865234375,129.50430297851562,73.4087905883789
2022-07-13,142.5039825439453,161.97483825683594,156.32174682617188,101.57203674316406,130.35423278808594,73.70415496826172
2022-07-14,145.42283630371094,158.31370544433594,156.53562927246094,98.02322387695312,129.9695281982422,72.22727966308594
2022-07-15,147.0879364013672,161.5183563232422,158.80772399902344,102.51596069335938,129.79061889648438,73.44353485107422
2022-07-18,144.05157470703125,161.62086486816406,155.24365234375,101.4631118774414,128.21595764160156,74.79878234863281
2022-07-19,147.90089416503906,168.37498474121094,152.9804229736328,103.97722625732422,128.8690643310547,76.68392944335938
2022-07-20,149.89901733398438,168.8252716064453,152.10719299316406,103.9590835571289,126.64131927490234,77.52662658691406
2022-07-21,152.16162109375,169.78207397460938,152.64181518554688,104.66702270507812,126.76107788085938,76.23217010498047
2022-07-22,150.92745971679688,167.55885314941406,153.36354064941406,104.15876007080078,128.78720092773438,75.65013122558594
2022-07-25,149.81085205078125,170.55125427246094,153.66650390625,104.57626342773438,129.66065979003906,78.16947174072266
2022-07-26,148.48861694335938,170.0072021484375,154.75357055664062,102.94253540039062,129.91278076171875,77.86543273925781
2022-07-27,153.57203674316406,173.77828979492188,154.32589721679688,104.59442138671875,131.14645385742188,79.55078887939453
2022-07-28,154.12054443359375,176.2078857421875,155.21688842773438,104.20413970947266,133.3256378173828,80.48033142089844
2022-07-29,159.17469787597656,185.97325134277344,155.50204467773438,104.70333099365234,125.08618927001953,84.20724487304688
2022-08-01,158.19520568847656,182.79318237304688,154.95851135253906,103.6595687866211,128.67913818359375,82.0788345336914
2022-08-02,156.72598266601562,172.14601135253906,154.07640075683594,102.04399871826172,127.82366943359375,81.72265625
2022-08-03,162.72035217285156,171.54563903808594,155.56439208984375,103.11499786376953,130.46209716796875,79.07298278808594
2022-08-04,162.40692138671875,172.26795959472656,153.0695037841797,101.98046875,130.2549591064453,75.74568939208984
2022-08-05,162.1813507080078,173.9096221923828,152.46365356445312,105.06637573242188,130.31802368164062,76.8403091430664
2022-08-08,161.7105255126953,174.30361938476562,151.65277099609375,103.78662109375,130.8132781982422,77.27467346191406
2022-08-09,161.7595672607422,174.50997924804688,151.63494873046875,104.72148132324219,130.50709533691406,78.69941711425781
2022-08-10,165.99679565429688,178.90956115722656,152.07156372070312,107.45344543457031,131.74078369140625,79.44654846191406
2022-08-11,165.26116943359375,181.98643493652344,148.92623901367188,109.0417709350586,130.8042755126953,81.74476623535156
2022-08-12,168.80203247070312,184.65057373046875,147.2867431640625,110.84793853759766,132.07395935058594,82.45529174804688
2022-08-15,169.87107849121094,183.815673828125,147.99069213867188,111.14745330810547,133.77586364746094,80.98162841796875
2022-08-16,169.71414184570312,185.28843688964844,149.3094024658203,112.2093734741211,135.009521484375,80.22724151611328
2022-08-17,171.2050323486328,183.79689025878906,149.31832885742188,111.26543426513672,134.38819885253906,80.87635040283203
2022-08-18,170.81272888183594,185.12899780273438,148.5965576171875,110.4031982421875,134.86544799804688,82.7885971069336
2022-08-19,168.23309326171875,183.48736572265625,150.85977172851562,107.67124938964844,134.82943725585938,82.52545928955078
2022-08-22,164.35882568359375,179.8851318359375,150.33050537109375,105.8923110961914,134.46925354003906,82.46405792236328
2022-08-23,164.02532958984375,184.9976348876953,149.02093505859375,104.84854125976562,131.8758544921875,85.96402740478516
2022-08-24,164.319580078125,182.1365203857422,148.5275421142578,105.10269927978516,131.3085479736328,86.47279357910156
2022-08-25,166.77166748046875,186.56422424316406,149.9179229736328,107.5986557006836,131.20045471191406,86.92015075683594
2022-08-26,160.4844970703125,180.0352020263672,147.35244750976562,104.07707977294922,128.1298370361328,85.84999084472656
2022-08-29,158.28741455078125,179.90390014648438,146.21324157714844,103.82293701171875,127.58958435058594,87.82364654541016
2022-08-30,155.86473083496094,175.3636016845703,145.70193481445312,103.8410873413086,126.22978973388672,84.48157501220703
2022-08-31,154.20716857910156,173.271728515625,144.7241973876953,103.22392272949219,124.21272277832031,83.84999084472656
2022-09-01,154.93295288085938,171.14227294921875,148.31224060058594,103.93184661865234,125.74353790283203,82.34126281738281
2022-09-02,152.82415771484375,169.63197326660156,145.98004150390625,103.20574188232422,123.51036071777344,83.84999084472656
2022-09-06,151.56869506835938,169.47251892089844,146.3747100830078,103.23298645019531,122.13262176513672,83.28860473632812
2022-09-07,152.97129821777344,169.6601104736328,147.17308044433594,105.1934585571289,123.97857666015625,82.57809448242188
2022-09-08,151.5000457763672,171.8083038330078,148.35708618164062,107.64402770996094,124.14070892333984,83.25353240966797
2022-09-09,154.3542938232422,177.7556915283203,148.64419555664062,108.161376953125,126.03168487548828,84.64823913574219
2022-09-12,160.2981414794922,180.4854736328125,148.5813446044922,109.4411392211914,127.05828857421875,85.62191772460938
2022-09-13,150.8918914794922,172.896484375,144.7152557373047,105.63818359375,124.42886352539062,83.62194061279297
2022-09-14,152.33375549316406,173.2154083251953,147.70230102539062,105.39312744140625,124.72599029541016,85.67454528808594
2022-09-15,149.45010375976562,171.18922424316406,148.07904052734375,106.9814682006836,123.76245880126953,83.18336486816406
2022-09-16,147.81207275390625,168.35621643066406,150.33950805664062,106.26445007324219,124.51889038085938,81.76231384277344
2022-09-19,151.5196533203125,170.8327178955078,149.15542602539062,107.24466705322266,124.25774383544922,81.75353240966797
2022-09-20,153.89328002929688,166.96783447265625,147.9803924560547,105.1299057006836,123.81653594970703,81.08687591552734
2022-09-21,150.7742462158203,161.30191040039062,146.4644317626953,102.09844970703125,122.22266387939453,79.77984619140625
2022-09-22,149.81298828125,159.9885711669922,149.0657501220703,100.93670654296875,122.6549072265625,79.44652557373047
2022-09-23,147.5472412109375,154.0693359375,149.5501251220703,99.05792236328125,122.08760833740234,75.21852111816406
2022-09-26,147.8807373046875,152.54965209960938,148.63519287109375,96.92501831054688,122.20465850830078,73.6659164428711
2022-09-27,148.85177612304688,152.38082885742188,147.95347595214844,96.07183837890625,118.8458480834961,75.20974731445312
2022-09-28,146.9685516357422,157.371337890625,149.22718811035156,98.01415252685547,118.8458480834961,77.94656372070312
2022-09-29,139.74960327148438,155.62652587890625,147.58566284179688,96.35321044921875,115.89225006103516,77.78865051269531
2022-09-30,135.5516357421875,153.9192352294922,146.5362091064453,94.8465576171875,113.68607330322266,76.58692169189453
2022-10-03,139.72018432617188,160.6264190673828,146.3926544189453,97.77818298339844,115.72116088867188,80.63072967529297
2022-10-04,143.30026245117188,168.5062713623047,148.56346130371094,102.35257720947266,117.15293884277344,83.56929779052734
2022-10-05,143.59446716308594,167.33370971679688,148.10597229003906,101.08885955810547,116.34251403808594,86.94646453857422
2022-10-06,142.64308166503906,167.737060546875,145.23548889160156,99.0284423828125,113.89318084716797,89.52537536621094
2022-10-07,137.4053955078125,166.5550994873047,143.70162963867188,97.0504379272461,111.90311431884766,88.62188720703125
2022-10-10,137.7290802001953,167.60572814941406,143.88999938964844,96.14384460449219,111.44387817382812,86.70084381103516
2022-10-11,136.3166961669922,168.61886596679688,145.9710693359375,93.36914825439453,111.86709594726562,85.96402740478516
2022-10-12,135.68896484375,168.38436889648438,145.93516540527344,94.88014221191406,112.04718780517578,86.34121704101562
2022-10-13,140.24981689453125,171.79891967773438,148.14181518554688,100.15481567382812,113.7400894165039,89.35871124267578
2022-10-14,135.72817993164062,167.15548706054688,147.5229034423828,101.82147216796875,112.63250732421875,87.00786590576172
2022-10-17,139.6809844970703,169.6038360595703,149.4335174560547,106.09798431396484,114.6676025390625,88.26223754882812
2022-10-18,140.99526977539062,172.1835174560547,148.91326904296875,108.82689666748047,115.59508514404297,88.42012786865234
2022-10-19,141.10316467285156,172.99029541015625,147.72923278808594,106.6932144165039,116.66666412353516,91.04292297363281
2022-10-20,140.64218139648438,169.3599395751953,148.10597229003906,106.34523010253906,115.16398620605469,91.16573333740234
2022-10-21,144.44781494140625,179.6344757080078,151.33522033691406,111.93125915527344,116.60591888427734,92.85870361328125
2022-10-24,146.5860595703125,180.65440368652344,153.3714141845703,112.06861877441406,117.32233428955078,93.50779724121094
2022-10-25,149.42066955566406,183.99737548828125,153.12921142578125,112.36165618896484,118.673583984375,92.876220703125
2022-10-26,146.4879913330078,185.99945068359375,154.47474670410156,113.65284729003906,119.5079116821289,93.9814682006836
2022-10-27,142.025146484375,200.3346405029297,154.564453125,114.10157775878906,119.59859466552734,94.34113311767578
2022-10-28,152.75550842285156,207.1339874267578,156.86080932617188,115.45687866210938,122.62754821777344,97.104248046875
2022-10-31,150.40147399902344,204.4142303466797,156.0535125732422,115.27371215820312,122.1287612915039,97.20074462890625
2022-11-01,147.76303100585938,206.3407440185547,155.2641143798828,117.35246276855469,122.3192367553711,98.1656494140625
2022-11-02,142.2507781982422,202.6011199951172,152.87811279296875,116.27188110351562,120.55990600585938,96.14811706542969
2022-11-03,136.21859741210938,207.05845642089844,153.13818359375,116.48249816894531,119.73464965820312,97.45513153076172
2022-11-04,135.9533233642578,215.1704559326172,153.81993103027344,119.66928100585938,121.92017364501953,98.51651763916016
2022-11-07,136.48387145996094,215.8881378173828,155.1654510498047,120.3011474609375,123.78836059570312,99.68315887451172
2022-11-08,137.05369567871094,217.0213165283203,155.93685913085938,120.37439727783203,124.06950378417969,99.99896240234375
2022-11-09,132.5048828125,212.98899841308594,154.69003295898438,118.80848693847656,123.77021026611328,95.52533721923828
2022-11-10,144.29444885253906,219.51443481445312,156.5019989013672,123.69857025146484,128.0325469970703,96.92882537841797
2022-11-11,147.07484436035156,223.32965087890625,151.819580078125,123.9000244140625,127.84208679199219,99.95509338378906
2022-11-14,145.67970275878906,223.33905029296875,154.20565795898438,122.62715148925781,127.85114288330078,100.24691009521484
2022-11-15,147.40882873535156,221.53533935546875,154.63624572753906,121.73887634277344,127.40679931640625,100.91891479492188
2022-11-16,146.18075561523438,219.48611450195312,155.59603881835938,121.9037094116211,128.54039001464844,99.84014129638672
2022-11-17,148.07693481445312,217.61630249023438,156.85183715820312,121.37255859375,127.75142669677734,99.9727783203125
2022-11-18,148.63694763183594,218.55120849609375,158.05381774902344,122.56301879882812,129.29307556152344,99.1062240600586
2022-11-21,145.41444396972656,219.25001525878906,158.86634826660156,121.83960723876953,130.9345245361328,98.12470245361328
2022-11-22,147.54638671875,224.0567626953125,159.6337432861328,123.66189575195312,132.0590362548828,100.96315002441406
2022-11-23,148.42083740234375,223.73570251464844,159.80526733398438,124.9806137084961,132.81175231933594,100.4591064453125
2022-11-25,145.51271057128906,222.5835723876953,160.01290893554688,125.2187271118164,133.05661010742188,100.10542297363281
2022-11-28,141.69091796875,219.372802734375,160.0941619873047,123.03008270263672,132.9477996826172,97.09899139404297
2022-11-29,138.69442749023438,222.03587341308594,158.9746856689453,125.05386352539062,131.9320831298828,97.74447631835938
2022-11-30,145.43411254882812,223.2540740966797,160.69906616210938,126.53736114501953,135.26942443847656,98.45187377929688
2022-12-01,145.70921325683594,222.57415771484375,161.36709594726562,124.76081085205078,135.35098266601562,97.97440338134766
2022-12-02,145.2179718017578,222.98963928222656,161.4935302734375,123.77183532714844,136.58438110351562,97.14320373535156
2022-12-05,144.05865478515625,219.6277618408203,161.4032440185547,120.3011474609375,135.20591735839844,94.48162078857422
2022-12-06,140.4038848876953,215.5859375,158.98370361328125,120.50263214111328,135.37820434570312,91.85540771484375
2022-12-07,138.4684295654297,216.237548828125,159.94969177246094,120.42019653320312,136.2488250732422,91.65203857421875
2022-12-08,140.1484375,218.069580078125,159.97683715820312,121.68391418457031,137.22824096679688,92.33291625976562
2022-12-09,139.66702270507812,214.64158630371094,158.65872192382812,121.02459716796875,136.865478515625,91.55477905273438
2022-12-12,141.9561767578125,220.09046936035156,160.55459594726562,122.90189361572266,138.27117919921875,93.8095932006836
2022-12-13,142.9190216064453,222.38526916503906,161.7914581298828,122.78279876708984,138.06259155273438,94.83531951904297
2022-12-14,140.69863891601562,221.4314727783203,162.28799438476562,122.1692886352539,138.60667419433594,94.13676452636719
2022-12-15,134.1063232421875,217.8240509033203,160.23861694335938,119.13818359375,137.0377960205078,93.23484802246094
2022-12-16,132.1511993408203,219.7694091796875,158.5955047607422,118.39640808105469,136.43017578125,92.58049774169922
2022-12-19,130.04872131347656,219.36334228515625,158.4239959716797,119.10151672363281,136.39389038085938,92.99609375
2022-12-20,129.97996520996094,222.0547332763672,158.5955047607422,119.67845916748047,136.4483184814453,94.34016418457031
2022-12-21,133.07473754882812,228.27798461914062,160.41014099121094,121.02459716796875,137.69979858398438,95.55155181884766
2022-12-22,129.9111785888672,224.32119750976562,159.8233642578125,119.65098571777344,138.0172119140625,93.62390899658203
2022-12-23,129.54766845703125,226.5215301513672,160.22958374023438,120.21873474121094,138.4071807861328,96.09979248046875
2022-12-27,127.74976348876953,229.60955810546875,160.1844482421875,120.63998413085938,139.61329650878906,97.43501281738281
2022-12-28,123.8297348022461,226.05877685546875,159.4893035888672,121.29931640625,137.80865478515625,95.83451843261719
2022-12-29,127.33712005615234,226.83316040039062,160.3018035888672,121.99528503417969,138.37997436523438,96.55960083007812
2022-12-30,127.6514892578125,226.22874450683594,159.48025512695312,122.80113983154297,137.44589233398438,97.53226470947266
2023-01-03,122.87674713134766,225.586669921875,160.87057495117188,123.73519134521484,137.45497131347656,94.18098449707031
2023-01-04,124.14411163330078,227.9286346435547,162.62200927734375,124.8890380859375,138.05349731445312,94.4551010131836
2023-01-05,122.82762145996094,226.90870666503906,161.42127990722656,124.86135864257812,136.33949279785156,96.56845092773438
2023-01-06,127.34697723388672,235.01124572753906,162.73037719726562,127.25065612792969,139.58609008789062,97.73564147949219
2023-01-09,127.8676528930664,232.89585876464844,158.51425170898438,126.72480773925781,137.8811798095703,95.91411590576172
2023-01-10,128.4375,236.56942749023438,158.13507080078125,127.85950469970703,137.74517822265625,97.34658813476562
2023-01-11,131.14907836914062,236.77716064453125,157.88232421875,128.80967712402344,136.62969970703125,98.47840881347656
2023-01-12,131.07049560546875,240.8756561279297,157.08782958984375,128.68052673339844,135.85885620117188,100.1142578125
2023-01-13,132.39683532714844,244.0769805908203,156.57322692871094,131.92774963378906,136.8292236328125,100.0523681640625
2023-01-17,133.55609130859375,241.99945068359375,155.60723876953125,129.88900756835938,136.43017578125,99.85784149169922
2023-01-18,132.83892822265625,238.75091552734375,153.25991821289062,125.98682403564453,132.7755126953125,97.80638122558594
2023-01-19,132.89785766601562,233.18112182617188,153.0522918701172,124.3078384399414,129.96751403808594,98.43419647216797
2023-01-20,135.45225524902344,236.93856811523438,152.339111328125,124.6122817993164,130.46942138671875,100.22920227050781
2023-01-23,138.6354522705078,239.775634765625,151.95086669921875,126.63255310058594,128.71730041503906,99.70751190185547
2023-01-24,140.0305633544922,244.43450927734375,151.95086669921875,127.72112274169922,129.4199676513672,100.63597106933594
2023-01-25,139.372314453125,245.2220458984375,153.03424072265625,128.33920288085938,129.32875061035156,100.10542297363281
2023-01-26,141.43545532226562,248.71380615234375,152.47451782226562,129.132568359375,128.80856323242188,104.12873077392578
2023-01-27,143.37091064453125,251.0100860595703,151.87864685058594,129.44622802734375,128.27928161621094,102.22761535644531
2023-01-30,140.49232482910156,248.1255340576172,146.25418090820312,128.3484649658203,128.68080139160156,100.41487884521484
2023-01-31,141.75967407226562,239.3865966796875,147.5361785888672,129.1141357421875,129.93099975585938,102.58130645751953
2023-02-01,142.8796844482422,236.7772216796875,148.890380859375,128.7727813720703,130.67018127441406,101.45831298828125
2023-02-02,148.1751708984375,232.3745574951172,149.4501190185547,128.17315673828125,129.7393798828125,98.28387451171875
2023-02-03,151.79061889648438,235.08827209472656,148.61053466796875,130.1565399169922,130.1409149169922,98.9647445678711
2023-02-06,149.06922912597656,238.5610809326172,147.48204040527344,130.92222595214844,129.03672790527344,98.7967300415039
2023-02-07,151.93801879882812,236.89111328125,147.5181121826172,132.51815795898438,127.77737426757812,101.61747741699219
2023-02-08,149.25592041015625,236.14149475097656,147.7077178955078,131.58642578125,126.45413208007812,100.73322296142578
2023-02-09,148.22433471679688,233.6839599609375,145.71250915527344,129.53846740722656,125.06704711914062,101.11344909667969
2023-02-10,148.58837890625,235.0028839111328,146.3896026611328,130.11038208007812,126.17122650146484,105.37551879882812
2023-02-13,151.38287353515625,235.45835876464844,146.93128967285156,131.52186584472656,127.82301330566406,104.96563720703125
2023-02-14,150.7432403564453,231.86219787597656,146.29031372070312,132.10299682617188,127.1020736694336,103.7359848022461
2023-02-15,152.83909606933594,235.98023986816406,143.8798065185547,132.6565704345703,126.81005096435547,103.42411804199219
2023-02-16,151.24508666992188,233.91172790527344,142.85964965820312,130.8299560546875,125.14917755126953,103.12116241455078
2023-02-17,150.1036834716797,235.11672973632812,145.84213256835938,131.2174072265625,127.76825714111328,99.1559829711914
2023-02-21,146.09896850585938,228.3988800048828,143.66893005371094,128.80967712402344,127.67697143554688,99.05797576904297
2023-02-22,146.52206420898438,225.7230987548828,143.4688720703125,127.82261657714844,128.21536254882812,97.77486419677734
2023-02-23,147.0041961669922,225.77999877929688,143.42340087890625,128.8465576171875,127.80475616455078,98.67483520507812
2023-02-24,144.3573455810547,224.09107971191406,141.82305908203125,130.0089111328125,127.08382415771484,98.68374633789062
2023-02-27,145.54794311523438,227.7061767578125,141.51390075683594,131.14366149902344,126.97428131103516,98.50553894042969
2023-02-28,145.04611206054688,227.29820251464844,139.3588409423828,132.24142456054688,125.5324478149414,97.93527221679688
2023-03-01,142.9797821044922,235.95176696777344,138.73143005371094,131.50341796875,125.62371063232422,98.8084945678711
2023-03-02,143.57017517089844,239.2822265625,138.62234497070312,130.13809204101562,127.69523620605469,99.26293182373047
2023-03-03,148.6080780029297,242.25213623046875,140.04991149902344,132.5273895263672,128.62603759765625,100.51929473876953
2023-03-06,151.36314392089844,240.9901885986328,141.45022583007812,131.75250244140625,128.07852172851562,101.41035461425781
2023-03-07,149.16893005371094,233.55116271972656,140.1135711669922,127.87796020507812,125.5324478149414,99.45004272460938
2023-03-08,150.41856384277344,235.99920654296875,139.0860595703125,127.12152099609375,125.55071258544922,97.99762725830078
2023-03-09,148.17510986328125,228.6361083984375,137.52206420898438,120.23957824707031,124.62902069091797,97.24024963378906
2023-03-10,146.11862182617188,215.39955139160156,137.85853576660156,123.2930908203125,125.19479370117188,96.03730773925781
2023-03-13,148.05703735351562,213.20767211914062,139.17697143554688,121.07907104492188,126.061767578125,94.93242645263672
2023-03-14,150.14300537109375,214.12808227539062,139.95899963378906,124.18790435791016,127.62224578857422,95.28883361816406
2023-03-15,150.53660583496094,206.14822387695312,140.35000610351562,118.32077026367188,129.4291229248047,90.5484619140625
2023-03-16,153.3507537841797,207.52406311035156,140.05899047851562,120.61782836914062,130.3964080810547,90.02272033691406
2023-03-17,152.51437377929688,204.01327514648438,138.5586700439453,116.06063079833984,130.43292236328125,88.96238708496094
2023-03-20,154.87591552734375,209.04220581054688,139.9317169189453,117.28755187988281,132.44056701660156,91.28804016113281
2023-03-21,156.72573852539062,213.4164581298828,139.9317169189453,120.4333267211914,131.4823760986328,95.37793731689453
2023-03-22,155.2990264892578,208.70062255859375,137.3493194580078,117.324462890625,131.4002685546875,93.19487762451172
2023-03-23,156.38136291503906,208.21673583984375,137.42208862304688,117.01081848144531,131.21774291992188,92.14344787597656
2023-03-24,157.68023681640625,205.9110107421875,138.80418395996094,115.2303695678711,133.89154052734375,92.25035095214844
2023-03-27,155.74179077148438,206.85037231445312,139.39523315429688,118.53295135498047,133.18887329101562,94.2730484008789
2023-03-28,155.12191772460938,208.89988708496094,138.0494842529297,118.8927230834961,133.56304931640625,95.44922637939453
2023-03-29,158.19186401367188,211.59461975097656,139.40431213378906,119.13257598876953,133.9737091064453,97.08876037597656
2023-03-30,159.75637817382812,213.05587768554688,139.51344299316406,118.77279663085938,134.5576934814453,97.5610122680664
2023-03-31,162.25564575195312,217.1359405517578,140.94102478027344,120.21192169189453,135.68930053710938,97.71249389648438
2023-04-03,163.5052947998047,218.11325073242188,142.62326049804688,120.07355499267578,136.4376220703125,103.47758483886719
2023-04-04,162.9739227294922,206.32850646972656,144.114501953125,118.4683837890625,137.0946502685547,102.48851013183594
2023-04-05,161.1339111328125,202.60899353027344,150.58868408203125,118.64501953125,138.0346221923828,104.24388122558594
2023-04-06,162.0194854736328,198.4720001220703,150.17037963867188,118.51485443115234,138.91065979003906,102.51526641845703
2023-04-10,159.43167114257812,204.50669860839844,149.41567993164062,118.90534210205078,137.76084899902344,102.06082153320312
2023-04-11,158.22140502929688,209.31739807128906,149.37020874023438,119.4911117553711,137.487060546875,102.7825698852539
2023-04-12,157.53262329101562,209.2225341796875,149.05194091796875,119.47250366210938,137.86123657226562,102.6756362915039
2023-04-13,162.90505981445312,210.33265686035156,151.0433349609375,119.92807006835938,138.49998474121094,103.15682220458984
2023-04-14,162.5606689453125,212.23988342285156,150.79783630371094,128.9838104248047,137.7973175048828,103.40631103515625
2023-04-17,162.58033752441406,213.72007751464844,150.64320373535156,130.00653076171875,137.84295654296875,102.20338439941406
2023-04-18,163.8004608154297,213.68209838867188,146.40589904785156,131.4662322998047,137.98898315429688,104.1993408203125
2023-04-19,164.9418487548828,213.16024780273438,147.78805541992188,131.29888916015625,138.016357421875,103.86963653564453
2023-04-20,163.9775848388672,210.90199279785156,148.74281311035156,130.9176788330078,138.5223388671875,103.04097747802734
2023-04-21,162.37368774414062,210.13876342773438,147.93353271484375,130.66665649414062,143.3157196044922,103.37065887451172
2023-04-24,162.67872619628906,213.15342712402344,148.83370971679688,130.84332275390625,143.57284545898438,105.32206726074219
2023-04-25,161.14378356933594,208.57421875,150.1976776123047,127.99829864501953,143.60958862304688,103.82508850097656
2023-04-26,161.1339111328125,206.24642944335938,147.86988830566406,125.72970581054688,141.94749450683594,102.87167358398438
2023-04-27,165.70936584472656,204.47195434570312,148.2154083251953,127.4218521118164,143.6830596923828,104.10132598876953
2023-04-28,166.95896911621094,208.73638916015625,148.85191345214844,128.5282440185547,143.6004180908203,105.44679260253906
2023-05-01,166.87039184570312,207.2767791748047,148.76097106933594,131.28028869628906,143.77488708496094,102.17664337158203
2023-05-02,165.83721923828125,205.25421142578125,150.06124877929688,129.1604461669922,143.6463165283203,98.10456085205078
2023-05-03,164.7647247314453,205.72171020507812,148.0972137451172,126.427001953125,143.46266174316406,96.17098236083984
2023-05-04,163.13133239746094,200.7036895751953,147.42433166503906,124.69768524169922,142.801513671875,94.48690032958984
2023-05-05,170.78660583496094,205.19700622558594,147.92440795898438,127.13363647460938,143.27899169921875,96.83927154541016
2023-05-08,170.7177276611328,204.91079711914062,147.5879669189453,127.44043731689453,142.60865783691406,97.2224349975586
2023-05-09,169.0154571533203,203.67062377929688,146.44227600097656,126.82682800292969,141.14862060546875,97.2491455078125
2023-05-10,170.77676391601562,203.36532592773438,146.9878387451172,126.89188385009766,141.4424591064453,96.00167846679688
2023-05-11,170.96372985839844,200.36976623535156,146.38771057128906,126.49211883544922,141.77301025390625,94.26414489746094
2023-05-12,170.03750610351562,199.90228271484375,146.19679260253906,124.6791000366211,143.21473693847656,94.25521850585938
2023-05-15,169.5448455810547,201.57179260253906,145.07833862304688,125.72970581054688,143.2606201171875,94.43497467041016
2023-05-16,169.5448455810547,197.669921875,144.88739013671875,124.88365936279297,143.0126953125,92.1430892944336
2023-05-17,170.15574645996094,202.3445281982422,144.5691375732422,128.72348022460938,142.40663146972656,94.21028137207031
2023-05-18,172.48110961914062,204.8440399169922,144.10537719726562,129.69973754882812,140.0650177001953,95.06411743164062
2023-05-19,172.5894775390625,204.90126037597656,144.49639892578125,129.40220642089844,140.65274047851562,95.50452423095703
2023-05-22,171.64356994628906,204.4051971435547,143.7176513671875,128.33297729492188,136.97042846679688,94.34510803222656
2023-05-23,169.04232788085938,202.92648315429688,143.6626739501953,126.99414825439453,135.4919891357422,95.63036346435547
2023-05-24,169.31822204589844,200.054931640625,143.5252685546875,125.83198547363281,134.37171936035156,96.69990539550781
2023-05-25,170.45135498046875,200.32203674316406,141.46389770507812,126.13880157470703,133.50851440429688,94.96526336669922
2023-05-26,172.85549926757812,202.05833435058594,141.40892028808594,127.31959533691406,133.5177001953125,94.34510803222656
2023-05-30,174.69808959960938,200.24574279785156,141.42723083496094,127.80301666259766,131.47911071777344,93.50923156738281
2023-05-31,174.64883422851562,196.28660583496094,142.0593719482422,126.17598724365234,130.85467529296875,91.8375015258789
2023-06-01,177.44712829589844,199.4539337158203,141.58299255371094,127.91459655761719,132.19540405273438,92.89804077148438
2023-06-02,178.2945098876953,216.20623779296875,143.80926513671875,130.6015625,134.54620361328125,95.05514526367188
2023-06-05,176.94459533691406,212.23757934570312,145.0460968017578,129.31854248046875,134.01358032226562,94.6327133178711
2023-06-06,176.580078125,216.2539520263672,144.9178009033203,129.55096435546875,132.6820526123047,95.4056625366211
2023-06-07,175.21046447753906,224.7159423828125,145.2293243408203,130.8061065673828,132.96673583984375,97.54475402832031
2023-06-08,177.9201202392578,223.6665496826172,146.82342529296875,130.84332275390625,134.4727020263672,97.23917388916016
2023-06-09,178.30438232421875,224.21990966796875,146.59437561035156,131.10360717773438,134.58287048339844,96.5201416015625
2023-06-12,181.0928497314453,226.9578857421875,146.49359130859375,131.09432983398438,133.52687072753906,95.64832305908203
2023-06-13,180.61988830566406,234.1510772705078,147.26318359375,132.04270935058594,133.2054901123047,95.66631317138672
2023-06-14,181.25048828125,232.12860107421875,148.01441955566406,131.5499267578125,134.45433044433594,94.515869140625
2023-06-15,183.28024291992188,236.27850341796875,150.0024871826172,133.03750610351562,136.31845092773438,95.1719741821289
2023-06-16,182.206298828125,233.98890686035156,150.4605712890625,133.195556640625,137.3193359375,94.48889923095703
2023-06-20,182.29493713378906,230.0583953857422,150.3689727783203,132.516845703125,136.05213928222656,92.32283020019531
2023-06-21,181.26034545898438,230.37319946289062,150.13990783691406,132.3216094970703,137.2275390625,93.35643005371094
2023-06-22,184.25575256347656,226.4236297607422,151.73403930664062,129.7740936279297,137.69586181640625,92.84414672851562
2023-06-23,183.9404296875,223.65704345703125,151.60574340820312,129.0953826904297,136.32763671875,92.03523254394531
2023-06-26,182.55113220214844,226.05157470703125,149.91087341308594,129.4114990234375,136.46539306640625,93.73392486572266
2023-06-27,185.30018615722656,229.61956787109375,149.59938049316406,129.4207763671875,137.76011657714844,93.96761322021484
2023-06-28,186.4727325439453,230.7452850341797,149.29708862304688,128.85365295410156,137.73263549804688,94.73158264160156
2023-06-29,186.80770874023438,233.0062713623047,150.3414764404297,133.35360717773438,137.17247009277344,95.9000015258789
2023-06-30,191.12344360351562,234.73304748535156,151.64242553710938,135.222412109375,139.33958435058594,96.39432525634766
2023-07-03,189.63558959960938,235.95416259765625,149.65435791015625,136.31021118164062,140.0374755859375,96.58306884765625
2023-07-05,188.522216796875,233.56912231445312,149.1596221923828,135.40213012695312,139.79873657226562,96.08875274658203
2023-07-06,188.99514770507812,229.51461791992188,148.05108642578125,134.06350708007812,139.56915283203125,92.50260162353516
2023-07-07,187.8817138671875,233.9030303955078,145.8981170654297,135.121337890625,136.63986206054688,92.71832275390625
2023-07-10,185.8421173095703,237.36607360839844,146.13629150390625,135.8795928955078,136.69496154785156,94.09344482421875
2023-07-11,185.3198699951172,241.22027587890625,145.33010864257812,138.00462341308594,135.97866821289062,95.24388122558594
2023-07-12,186.985107421875,241.9357452392578,144.82620239257812,138.68797302246094,136.68577575683594,95.71124267578125
2023-07-13,187.74380493164062,244.0918426513672,145.49497985839844,139.3619842529297,136.777587890625,93.95862579345703
2023-07-14,187.8916015625,243.8628692626953,146.46607971191406,140.2045440673828,137.78768920898438,90.72300720214844
2023-07-17,191.14317321777344,245.61822509765625,145.7332000732422,143.583984375,136.8143310546875,91.11846923828125
2023-07-18,190.88697814941406,251.67617797851562,145.72402954101562,143.84605407714844,137.07144165039062,90.70502471923828
2023-07-19,192.2368927001953,251.90625,145.43084716796875,144.39842224121094,138.00808715820312,91.33418273925781
2023-07-20,190.29579162597656,250.31478881835938,154.2626190185547,146.1770477294922,139.1271209716797,92.9430160522461
2023-07-21,189.12322998046875,247.01673889160156,155.9208526611328,145.05368041992188,141.31715393066406,93.3744125366211
2023-07-24,189.9213409423828,248.66575622558594,156.73623657226562,147.90890502929688,141.7699737548828,94.83943939208984
2023-07-25,190.77854919433594,251.24476623535156,157.93643188476562,146.8042449951172,142.1026153564453,94.98323822021484
2023-07-26,191.6457061767578,247.6591033935547,158.23876953125,147.68421936035156,142.2504425048828,94.45295715332031
2023-07-27,190.38446044921875,247.6399383544922,159.12742614746094,146.0553741455078,140.5594024658203,94.74954986572266
2023-07-28,192.95616149902344,249.68202209472656,159.85118103027344,146.88853454589844,144.5328826904297,93.61709594726562
2023-07-31,193.56703186035156,254.2263946533203,153.48390197753906,147.87144470214844,144.43125915527344,96.38533782958984
2023-08-01,192.73939514160156,276.7373046875,154.72987365722656,147.14126586914062,144.38504028320312,95.82809448242188
2023-08-02,189.75387573242188,275.701904296875,155.66433715820312,145.4749298095703,144.69923400878906,94.6327133178711
2023-08-03,188.36456298828125,269.83453369140625,156.3331298828125,146.36427307128906,145.07809448242188,96.27749633789062
2023-08-04,179.31927490234375,265.03131103515625,154.86724853515625,146.0553741455078,143.4886932373047,96.54711151123047
2023-08-07,176.225341796875,270.0262145996094,158.5869140625,146.74806213378906,145.00416564941406,96.34937286376953
2023-08-08,177.16139221191406,271.215087890625,158.66015625,145.92430114746094,145.16127014160156,96.82574462890625
2023-08-09,175.5750274658203,272.787353515625,158.55941772460938,143.96778869628906,144.9764404296875,98.47051239013672
2023-08-10,175.3582763671875,272.1067199707031,157.73484802246094,143.75244140625,144.2556610107422,98.97383117675781
2023-08-11,175.41748046875,273.4488830566406,159.27403259277344,144.5856170654297,145.09657287597656,100.5107421875
2023-08-14,177.065185546875,272.7970275878906,158.89834594726562,144.88519287109375,143.95997619628906,100.59163665771484
2023-08-15,175.08200073242188,265.9228820800781,158.44027709960938,141.19683837890625,143.03590393066406,98.00910949707031
2023-08-16,174.21376037597656,263.18096923828125,157.93643188476562,140.5977020263672,141.5758819580078,96.35990905761719
2023-08-17,171.6780242919922,263.8136901855469,159.4205780029297,139.1373291015625,140.5594024658203,98.2265853881836
2023-08-18,172.16151428222656,262.5002136230469,158.0280303955078,139.45565795898438,140.95675659179688,99.71266174316406
2023-08-21,173.49346923828125,261.4935302734375,153.31898498535156,139.93307495117188,140.24525451660156,98.50749206542969
2023-08-22,174.8649139404297,259.0487365722656,152.1005096435547,137.0310516357422,140.3007049560547,97.95472717285156
2023-08-23,178.70303344726562,261.7619934082031,150.7353973388672,137.95782470703125,141.61288452148438,97.0938949584961
2023-08-24,174.02627563476562,258.1859436035156,151.24847412109375,137.82676696777344,140.95675659179688,96.36897277832031
2023-08-25,176.22650146484375,261.3114318847656,153.4170684814453,137.65823364257812,141.88082885742188,98.09065246582031
2023-08-28,177.78546142578125,263.4493408203125,151.60833740234375,138.1356658935547,142.1026153564453,98.91524505615234
2023-08-29,181.66294860839844,268.4731140136719,151.62680053710938,139.259033203125,142.18576049804688,99.5042495727539
2023-08-30,185.14585876464844,270.6781921386719,151.0915985107422,138.6973419189453,142.3428497314453,100.47382354736328
2023-08-31,185.36294555664062,269.5277404785156,149.19981384277344,136.9842529296875,142.62005615234375,100.7547378540039
2023-09-01,186.93173217773438,274.4364318847656,148.0924530029297,137.4429473876953,142.77719116210938,102.86605834960938
2023-09-05,187.1685028076172,270.00714111328125,148.27700805664062,135.9263916015625,140.86436462402344,102.87512969970703
2023-09-06,180.46914672851562,271.2246398925781,145.81314086914062,135.70172119140625,140.58717346191406,103.76314544677734
2023-09-07,175.19052124023438,269.8153381347656,147.67718505859375,134.54095458984375,141.92703247070312,103.25570678710938
2023-09-08,175.80226135253906,270.6302490234375,148.16627502441406,134.64389038085938,141.31715393066406,104.75991821289062
2023-09-11,176.9665069580078,270.4097900390625,150.1041717529297,135.23365783691406,142.9989471435547,103.44601440429688
2023-09-12,173.94732666015625,270.1796569824219,150.9531707763672,136.9936065673828,140.48548889160156,106.46347045898438
2023-09-13,171.88525390625,264.5327453613281,151.33152770996094,137.05914306640625,141.46499633789062,105.51201629638672
2023-09-14,173.39483642578125,270.898681640625,151.10081481933594,139.71774291992188,143.01744079589844,107.39681243896484
2023-09-15,172.67454528808594,267.62945556640625,148.98756408691406,139.3058319091797,141.81613159179688,105.74761199951172
2023-09-18,175.5950927734375,269.3455810546875,149.9288330078125,139.5960235595703,142.3520965576172,106.59940338134766
2023-09-19,176.68038940429688,268.12799072265625,149.67970275878906,139.41815185546875,141.936279296875,106.31849670410156
2023-09-20,173.14816284179688,267.1116638183594,150.3348846435547,138.82843017578125,141.81613159179688,105.47576904296875
2023-09-21,171.6089324951172,260.80322265625,149.18136596679688,137.74249267578125,140.58717346191406,103.98968505859375
2023-09-22,172.45748901367188,261.7908020019531,148.11090087890625,136.4225311279297,140.06967163085938,104.15278625488281
2023-09-25,173.73028564453125,262.9508056640625,147.88943481445312,137.09657287597656,139.21951293945312,105.32172393798828
2023-09-26,169.66526794433594,258.3968811035156,146.7451629638672,135.6736602783203,137.98129272460938,105.48482513427734
2023-09-27,168.15565490722656,261.4552001953125,144.9825897216797,136.46932983398438,136.15162658691406,108.91912841796875
2023-09-28,168.41220092773438,264.83953857421875,144.7703399658203,138.16375732421875,135.2275848388672,108.25764465332031
2023-09-29,168.92527770996094,261.7332763671875,143.72755432128906,135.7578887939453,134.78404235839844,106.5450439453125
2023-10-02,171.4313507080078,260.5060729980469,143.17385864257812,134.5877227783203,134.16490173339844,104.7780532836914
2023-10-03,170.099365234375,257.86962890625,143.34922790527344,133.59544372558594,134.44210815429688,104.95926666259766
2023-10-04,171.34259033203125,254.0921630859375,143.51531982421875,134.19456481933594,134.8856964111328,101.03565216064453
2023-10-05,172.57589721679688,250.03672790527344,145.01026916503906,134.76040649414062,132.8804473876953,98.76119995117188
2023-10-06,175.12147521972656,255.06048583984375,145.47166442871094,136.8350830078125,133.14845275878906,97.11200714111328
2023-10-09,176.6014404296875,260.1033935546875,146.3022003173828,136.52389526367188,132.473876953125,100.51007843017578
2023-10-10,176.00946044921875,261.9346008300781,146.1361083984375,137.35374450683594,133.78602600097656,100.08416748046875
2023-10-11,177.40061950683594,261.57025146484375,144.1243896484375,137.8252410888672,132.1411895751953,96.49581909179688
2023-10-12,178.2985076904297,258.483154296875,144.26278686523438,137.50460815429688,132.43690490722656,96.47770690917969
2023-10-13,176.4633026123047,256.8820495605469,144.74267578125,139.5698699951172,133.702880859375,99.5586166381836
2023-10-16,176.3350372314453,259.614501953125,145.3701629638672,139.42845153808594,134.9780731201172,99.63111114501953
2023-10-17,174.7859649658203,261.3976745605469,144.04132080078125,139.1266632080078,135.1536407470703,100.93596649169922
2023-10-18,173.49346923828125,248.52194213867188,140.940673828125,137.59898376464844,138.63735961914062,102.34955596923828
2023-10-19,173.1185760498047,242.4532012939453,140.56234741210938,137.0142364501953,137.85719299316406,102.41299438476562
2023-10-20,170.57298278808594,240.14999389648438,141.18983459472656,134.80752563476562,137.6712188720703,100.65505981445312
2023-10-23,170.69137573242188,238.33828735351562,139.70411682128906,132.96861267089844,137.7642059326172,99.17804718017578
2023-10-24,171.12550354003906,240.48728942871094,139.5564727783203,133.1289520263672,139.39151000976562,98.21752166748047
2023-10-25,168.81675720214844,236.0447235107422,139.87020874023438,132.4027862548828,140.0424346923828,98.39874267578125
2023-10-26,164.66290283203125,233.6258544921875,137.4985809326172,132.74227905273438,139.2985382080078,97.50164794921875
2023-10-27,165.97515869140625,229.89639282226562,134.36105346679688,127.96109008789062,136.8435821533203,95.64405822753906
2023-10-30,168.01751708984375,233.3656768798828,135.6806640625,129.592529296875,138.79635620117188,95.9430923461914
2023-10-31,168.4911651611328,217.84071350097656,136.88954162597656,131.13909912109375,139.51239013671875,95.91590118408203
2023-11-01,171.64840698242188,223.41079711914062,137.21250915527344,131.02597045898438,139.121826171875,95.7256088256836
2023-11-02,175.2003936767578,230.43603515625,138.64288330078125,133.3646697998047,140.8235626220703,98.86994934082031
2023-11-03,174.2926788330078,232.00686645507812,139.65792846679688,134.85470581054688,139.5496063232422,97.66475677490234
2023-11-06,176.83822631835938,229.62655639648438,139.99020385742188,135.87315368652344,140.3585968017578,95.93402099609375
2023-11-07,179.39369201660156,226.38856506347656,139.25192260742188,135.80715942382812,140.0331268310547,94.4298095703125
2023-11-08,180.4494171142578,226.292236328125,138.74440002441406,136.47671508789062,139.49380493164062,93.26996612548828
2023-11-09,179.97581481933594,225.64651489257812,136.0405731201172,136.0712127685547,139.80996704101562,93.297119140625
2023-11-10,184.15484619140625,230.97572326660156,135.88368225097656,138.0893096923828,140.79568481445312,94.01297760009766
2023-11-13,182.57412719726562,232.89346313476562,136.23435974121094,137.476318359375,141.77207946777344,95.00067901611328
2023-11-14,185.1823272705078,238.85867309570312,136.2620391845703,139.98483276367188,141.4558868408203,95.3664779663086
2023-11-15,185.74545288085938,241.97137451171875,137.31405639648438,141.21078491210938,140.8049774169922,94.79039001464844
2023-11-16,187.42501831054688,239.19593811035156,138.513671875,142.8233642578125,142.1161346435547,93.69304656982422
2023-11-17,187.40524291992188,243.87945556640625,138.2276153564453,144.1153564453125,140.47950744628906,95.97913360595703
2023-11-20,189.14401245117188,241.35459899902344,139.44618225097656,144.5585479736328,139.735595703125,95.55848693847656
2023-11-21,188.34378051757812,240.3523712158203,140.57171630859375,144.2567901611328,139.121826171875,95.52192687988281
2023-11-22,189.00570678710938,237.0758514404297,140.2926483154297,144.59628295898438,140.43301391601562,95.11043548583984
2023-11-24,187.68186950683594,238.37680053710938,141.8553924560547,144.79432678222656,140.76776123046875,95.62250518798828
2023-11-27,187.5040283203125,238.4057159423828,140.7205352783203,144.4642791748047,140.63758850097656,95.06470489501953
2023-11-28,188.10665893554688,238.51173400878906,141.04612731933594,144.79432678222656,141.6139373779297,95.00982666015625
2023-11-29,187.08909606933594,240.39093017578125,141.4926300048828,145.52992248535156,140.5352783203125,93.58332824707031
2023-11-30,187.66209411621094,241.61480712890625,143.8646240234375,147.18963623046875,142.75775146484375,93.94908142089844
2023-12-01,188.93655395507812,247.43545532226562,147.32496643066406,147.9063720703125,141.95803833007812,94.1777114868164
2023-12-04,187.14833068847656,245.49844360351562,147.79006958007812,148.99085998535156,141.4001007080078,93.66560363769531
2023-12-05,191.09030151367188,245.92247009277344,147.48312377929688,148.9720001220703,136.47164916992188,91.84590148925781
2023-12-06,190.00355529785156,246.67413330078125,145.68780517578125,147.40652465820312,136.36936950683594,90.62967681884766
2023-12-07,191.93006896972656,248.0618133544922,144.55299377441406,147.85919189453125,136.22984313964844,89.99872589111328
2023-12-08,193.3527069091797,250.07595825195312,143.64137268066406,149.4906463623047,134.97450256347656,91.03202819824219
2023-12-11,190.85321044921875,251.44436645507812,144.2366943359375,150.0376434326172,135.5975341796875,91.09605407714844
2023-12-12,192.3647918701172,251.9358367919922,144.2460174560547,151.3767547607422,135.7091064453125,89.66039276123047
2023-12-13,195.5756072998047,258.23834228515625,144.91575622558594,151.88597106933594,138.16404724121094,90.45594024658203
2023-12-14,195.72384643554688,274.813720703125,145.9203643798828,154.6490936279297,134.51885986328125,92.88835144042969
2023-12-15,195.1903076171875,275.3629150390625,144.32972717285156,155.81846618652344,133.86793518066406,92.26654052734375
2023-12-18,193.5305633544922,275.3341064453125,144.59017944335938,156.761474609375,135.92298889160156,92.95236206054688
2023-12-19,194.56790161132812,282.32080078125,145.53900146484375,158.8550262451172,135.92298889160156,94.1777114868164
2023-12-20,192.48333740234375,279.1888732910156,142.5716552734375,157.06329345703125,133.82142639160156,92.60486602783203
2023-12-21,192.33511352539062,279.5357360839844,144.0320281982422,157.95919799804688,134.1468963623047,93.0255126953125
2023-12-22,191.26812744140625,279.815185546875,144.60877990722656,157.8648681640625,135.0954132080078,93.19011688232422
2023-12-26,190.72474670410156,284.89385986328125,145.2413330078125,158.79849243164062,135.7091064453125,93.40042114257812
2023-12-27,190.8235321044922,287.2934265136719,145.4366912841797,159.75091552734375,135.8207244873047,92.96150970458984
2023-12-28,191.24839782714844,286.0984191894531,145.650634765625,160.5996551513672,135.5138397216797,91.61729431152344
2023-12-29,190.2110137939453,284.9324035644531,145.79945373535156,160.41110229492188,136.26707458496094,91.42525482177734
